あああ,あああふあふｄｈさでぃｋしゃい,"2021/06/06 15:05:54
"
あああ,あああふあふｄｈさでぃｋしゃい,"2021/06/06 15:07:16
"
あああ,あああふあふｄｈさでぃｋしゃい,"2021/06/06 15:07:33
"
あああ,あああふあふｄｈさでぃｋしゃい,"2021/06/06 15:07:56
"
あああ,あああふあふｄｈさでぃｋしゃい,"2021/06/06 15:08:12
"
あああ,あああふあふｄｈさでぃｋしゃい,"2021/06/06 15:08:28
"
あああ,あああふあふｄｈさでぃｋしゃい,"2021/06/06 15:09:00
"
あああ,掲示板改良しました,"2021/06/06 15:11:15
"
あああ,掲示板改良しました,"2021/06/06 15:11:52
"
あああ,あああふあふｄｈさでぃｋしゃい,"2021/06/06 15:11:56
"
あああ,あああふあふｄｈさでぃｋしゃい,"2021/06/06 15:12:29
"
あああ,あああふあふｄｈさでぃｋしゃい,"2021/06/06 15:14:08
"
あああ,あああふあふｄｈさでぃｋしゃい,"2021/06/06 15:14:42
"
